{
  "system_tokens": {
    "value": 32
  },
  "user_tokens": {
    "count": 23836,
    "mean": 1825.077529786877,
    "median": 1689.0,
    "std": 498.3698025470916,
    "min": 1081,
    "max": 4562,
    "p25": 1465.0,
    "p50": 1689.0,
    "p75": 2044.0,
    "p90": 2548.0,
    "p95": 2884.25,
    "p99": 3435.9500000000044
  },
  "reasoning_tokens": {
    "count": 23836,
    "mean": 552.0602030542037,
    "median": 538.0,
    "std": 128.94240090374853,
    "min": 225,
    "max": 2102,
    "p25": 466.0,
    "p50": 538.0,
    "p75": 617.0,
    "p90": 708.0,
    "p95": 784.0,
    "p99": 945.0
  },
  "answer_tokens": {
    "count": 23836,
    "mean": 0.0,
    "median": 0.0,
    "std": 0.0,
    "min": 0,
    "max": 0,
    "p25": 0.0,
    "p50": 0.0,
    "p75": 0.0,
    "p90": 0.0,
    "p95": 0.0,
    "p99": 0.0
  },
  "total_tokens": {
    "count": 23836,
    "mean": 1857.077529786877,
    "median": 1721.0,
    "std": 498.3698025470916,
    "min": 1113,
    "max": 4594,
    "p25": 1497.0,
    "p50": 1721.0,
    "p75": 2076.0,
    "p90": 2580.0,
    "p95": 2916.25,
    "p99": 3467.9500000000044
  }
}