{
  "system_tokens": {
    "value": 37
  },
  "user_tokens": {
    "count": 23836,
    "mean": 616.085710689713,
    "median": 469.0,
    "std": 422.9646940351871,
    "min": 193,
    "max": 2609,
    "p25": 311.0,
    "p50": 469.0,
    "p75": 772.0,
    "p90": 1235.5,
    "p95": 1548.0,
    "p99": 2059.0
  },
  "reasoning_tokens": {
    "count": 23836,
    "mean": 563.91185601611,
    "median": 550.0,
    "std": 132.80127842884787,
    "min": 230,
    "max": 2978,
    "p25": 477.0,
    "p50": 550.0,
    "p75": 630.0,
    "p90": 722.0,
    "p95": 797.0,
    "p99": 960.6500000000015
  },
  "answer_tokens": {
    "count": 23836,
    "mean": 10.05214801141131,
    "median": 6.0,
    "std": 5.159359189579408,
    "min": 6,
    "max": 32,
    "p25": 6.0,
    "p50": 6.0,
    "p75": 14.0,
    "p90": 19.0,
    "p95": 20.0,
    "p99": 26.0
  },
  "total_tokens": {
    "count": 23836,
    "mean": 1227.0497147172343,
    "median": 1088.0,
    "std": 503.3713714817886,
    "min": 485,
    "max": 4830,
    "p25": 863.0,
    "p50": 1088.0,
    "p75": 1445.25,
    "p90": 1957.0,
    "p95": 2294.5,
    "p99": 2862.6500000000015
  }
}