{
  "system_tokens": {
    "value": 41
  },
  "user_tokens": {
    "count": 23836,
    "mean": 619.085710689713,
    "median": 472.0,
    "std": 422.9646940351871,
    "min": 196,
    "max": 2612,
    "p25": 314.0,
    "p50": 472.0,
    "p75": 775.0,
    "p90": 1238.5,
    "p95": 1551.0,
    "p99": 2062.0
  },
  "reasoning_tokens": {
    "count": 23836,
    "mean": 570.91185601611,
    "median": 557.0,
    "std": 132.80127842884787,
    "min": 237,
    "max": 2985,
    "p25": 484.0,
    "p50": 557.0,
    "p75": 637.0,
    "p90": 729.0,
    "p95": 804.0,
    "p99": 967.6500000000015
  },
  "answer_tokens": {
    "count": 23836,
    "mean": 10.05214801141131,
    "median": 6.0,
    "std": 5.159359189579408,
    "min": 6,
    "max": 32,
    "p25": 6.0,
    "p50": 6.0,
    "p75": 14.0,
    "p90": 19.0,
    "p95": 20.0,
    "p99": 26.0
  },
  "total_tokens": {
    "count": 23836,
    "mean": 1241.0497147172343,
    "median": 1102.0,
    "std": 503.3713714817886,
    "min": 499,
    "max": 4844,
    "p25": 877.0,
    "p50": 1102.0,
    "p75": 1459.25,
    "p90": 1971.0,
    "p95": 2308.5,
    "p99": 2876.6500000000015
  }
}