{
  "system_tokens": {
    "value": 37
  },
  "user_tokens": {
    "count": 23836,
    "mean": 611.3860966605135,
    "median": 466.0,
    "std": 417.580479201138,
    "min": 193,
    "max": 2342,
    "p25": 309.0,
    "p50": 466.0,
    "p75": 766.0,
    "p90": 1224.0,
    "p95": 1530.25,
    "p99": 2038.0
  },
  "reasoning_tokens": {
    "count": 23836,
    "mean": 552.5638949488169,
    "median": 539.0,
    "std": 128.87837677308042,
    "min": 226,
    "max": 2102,
    "p25": 467.0,
    "p50": 539.0,
    "p75": 618.0,
    "p90": 709.0,
    "p95": 784.0,
    "p99": 945.0
  },
  "answer_tokens": {
    "count": 23836,
    "mean": 9.024416848464508,
    "median": 6.0,
    "std": 3.789076148814079,
    "min": 6,
    "max": 24,
    "p25": 6.0,
    "p50": 6.0,
    "p75": 12.0,
    "p90": 16.0,
    "p95": 16.0,
    "p99": 20.0
  },
  "total_tokens": {
    "count": 23836,
    "mean": 1209.9744084577949,
    "median": 1074.0,
    "std": 496.45777139436916,
    "min": 481,
    "max": 3945,
    "p25": 850.0,
    "p50": 1074.0,
    "p75": 1425.0,
    "p90": 1933.0,
    "p95": 2264.0,
    "p99": 2817.300000000003
  }
}