{
  "system_tokens": {
    "value": 57
  },
  "user_tokens": {
    "count": 23836,
    "mean": 1829.077529786877,
    "median": 1693.0,
    "std": 498.3698025470916,
    "min": 1085,
    "max": 4566,
    "p25": 1469.0,
    "p50": 1693.0,
    "p75": 2048.0,
    "p90": 2552.0,
    "p95": 2888.25,
    "p99": 3439.9500000000044
  },
  "reasoning_tokens": {
    "count": 23836,
    "mean": 552.0602030542037,
    "median": 538.0,
    "std": 128.94240090374853,
    "min": 225,
    "max": 2102,
    "p25": 466.0,
    "p50": 538.0,
    "p75": 617.0,
    "p90": 708.0,
    "p95": 784.0,
    "p99": 945.0
  },
  "answer_tokens": {
    "count": 23836,
    "mean": 0.0,
    "median": 0.0,
    "std": 0.0,
    "min": 0,
    "max": 0,
    "p25": 0.0,
    "p50": 0.0,
    "p75": 0.0,
    "p90": 0.0,
    "p95": 0.0,
    "p99": 0.0
  },
  "total_tokens": {
    "count": 23836,
    "mean": 1886.077529786877,
    "median": 1750.0,
    "std": 498.3698025470916,
    "min": 1142,
    "max": 4623,
    "p25": 1526.0,
    "p50": 1750.0,
    "p75": 2105.0,
    "p90": 2609.0,
    "p95": 2945.25,
    "p99": 3496.9500000000044
  }
}