{
  "system_tokens": {
    "value": 36
  },
  "user_tokens": {
    "count": 23836,
    "mean": 1846.1606393690217,
    "median": 1708.0,
    "std": 505.2697023761459,
    "min": 1089,
    "max": 5435,
    "p25": 1481.0,
    "p50": 1708.0,
    "p75": 2067.0,
    "p90": 2577.0,
    "p95": 2914.0,
    "p99": 3483.0
  },
  "reasoning_tokens": {
    "count": 23836,
    "mean": 563.408164121497,
    "median": 549.0,
    "std": 132.855231995979,
    "min": 229,
    "max": 2977,
    "p25": 476.0,
    "p50": 549.0,
    "p75": 630.0,
    "p90": 721.0,
    "p95": 797.0,
    "p99": 960.6500000000015
  },
  "answer_tokens": {
    "count": 23836,
    "mean": 0.0,
    "median": 0.0,
    "std": 0.0,
    "min": 0,
    "max": 0,
    "p25": 0.0,
    "p50": 0.0,
    "p75": 0.0,
    "p90": 0.0,
    "p95": 0.0,
    "p99": 0.0
  },
  "total_tokens": {
    "count": 23836,
    "mean": 1882.1606393690217,
    "median": 1744.0,
    "std": 505.2697023761459,
    "min": 1125,
    "max": 5471,
    "p25": 1517.0,
    "p50": 1744.0,
    "p75": 2103.0,
    "p90": 2613.0,
    "p95": 2950.0,
    "p99": 3519.0
  }
}