{
  "system_tokens": {
    "value": 32
  },
  "user_tokens": {
    "count": 23836,
    "mean": 1842.1606393690217,
    "median": 1704.0,
    "std": 505.2697023761459,
    "min": 1085,
    "max": 5431,
    "p25": 1477.0,
    "p50": 1704.0,
    "p75": 2063.0,
    "p90": 2573.0,
    "p95": 2910.0,
    "p99": 3479.0
  },
  "reasoning_tokens": {
    "count": 23836,
    "mean": 563.408164121497,
    "median": 549.0,
    "std": 132.855231995979,
    "min": 229,
    "max": 2977,
    "p25": 476.0,
    "p50": 549.0,
    "p75": 630.0,
    "p90": 721.0,
    "p95": 797.0,
    "p99": 960.6500000000015
  },
  "answer_tokens": {
    "count": 23836,
    "mean": 0.0,
    "median": 0.0,
    "std": 0.0,
    "min": 0,
    "max": 0,
    "p25": 0.0,
    "p50": 0.0,
    "p75": 0.0,
    "p90": 0.0,
    "p95": 0.0,
    "p99": 0.0
  },
  "total_tokens": {
    "count": 23836,
    "mean": 1874.1606393690217,
    "median": 1736.0,
    "std": 505.2697023761459,
    "min": 1117,
    "max": 5463,
    "p25": 1509.0,
    "p50": 1736.0,
    "p75": 2095.0,
    "p90": 2605.0,
    "p95": 2942.0,
    "p99": 3511.0
  }
}