{
  "system_tokens": {
    "value": 62
  },
  "user_tokens": {
    "count": 23836,
    "mean": 614.3860966605135,
    "median": 469.0,
    "std": 417.580479201138,
    "min": 196,
    "max": 2345,
    "p25": 312.0,
    "p50": 469.0,
    "p75": 769.0,
    "p90": 1227.0,
    "p95": 1533.25,
    "p99": 2041.0
  },
  "reasoning_tokens": {
    "count": 23836,
    "mean": 555.5638949488169,
    "median": 542.0,
    "std": 128.87837677308042,
    "min": 229,
    "max": 2105,
    "p25": 470.0,
    "p50": 542.0,
    "p75": 621.0,
    "p90": 712.0,
    "p95": 787.0,
    "p99": 948.0
  },
  "answer_tokens": {
    "count": 23836,
    "mean": 9.024416848464508,
    "median": 6.0,
    "std": 3.789076148814079,
    "min": 6,
    "max": 24,
    "p25": 6.0,
    "p50": 6.0,
    "p75": 12.0,
    "p90": 16.0,
    "p95": 16.0,
    "p99": 20.0
  },
  "total_tokens": {
    "count": 23836,
    "mean": 1240.9744084577949,
    "median": 1105.0,
    "std": 496.45777139436916,
    "min": 512,
    "max": 3976,
    "p25": 881.0,
    "p50": 1105.0,
    "p75": 1456.0,
    "p90": 1964.0,
    "p95": 2295.0,
    "p99": 2848.300000000003
  }
}