{
  "system_tokens": {
    "value": 41
  },
  "user_tokens": {
    "count": 23836,
    "mean": 619.085710689713,
    "median": 472.0,
    "std": 422.9646940351871,
    "min": 196,
    "max": 2612,
    "p25": 314.0,
    "p50": 472.0,
    "p75": 775.0,
    "p90": 1238.5,
    "p95": 1551.0,
    "p99": 2062.0
  },
  "reasoning_tokens": {
    "count": 23836,
    "mean": 566.91185601611,
    "median": 553.0,
    "std": 132.80127842884787,
    "min": 233,
    "max": 2981,
    "p25": 480.0,
    "p50": 553.0,
    "p75": 633.0,
    "p90": 725.0,
    "p95": 800.0,
    "p99": 963.6500000000015
  },
  "answer_tokens": {
    "count": 23836,
    "mean": 10.05214801141131,
    "median": 6.0,
    "std": 5.159359189579408,
    "min": 6,
    "max": 32,
    "p25": 6.0,
    "p50": 6.0,
    "p75": 14.0,
    "p90": 19.0,
    "p95": 20.0,
    "p99": 26.0
  },
  "total_tokens": {
    "count": 23836,
    "mean": 1237.0497147172343,
    "median": 1098.0,
    "std": 503.3713714817886,
    "min": 495,
    "max": 4840,
    "p25": 873.0,
    "p50": 1098.0,
    "p75": 1455.25,
    "p90": 1967.0,
    "p95": 2304.5,
    "p99": 2872.6500000000015
  }
}